fpr,tpr
0.0,0.0
0.0023913909924272616,0.03418803418803419
0.0023913909924272616,0.042735042735042736
0.0027899561578318055,0.042735042735042736
0.0027899561578318055,0.05128205128205128
0.0035870864886408927,0.05128205128205128
0.005978477481068154,0.05128205128205128
0.007971303308090873,0.05128205128205128
0.009565563969709047,0.05128205128205128
0.00996412913511359,0.05128205128205128
0.00996412913511359,0.05982905982905983
0.012754085292945397,0.07692307692307693
0.012754085292945397,0.08547008547008547
0.01434834595456357,0.08547008547008547
0.014746911119968115,0.09401709401709402
0.014746911119968115,0.10256410256410256
0.015942606616181746,0.10256410256410256
0.015942606616181746,0.1111111111111111
0.01634117178158629,0.11965811965811966
0.017138302112395375,0.11965811965811966
0.017138302112395375,0.1282051282051282
0.017935432443204464,0.1282051282051282
0.017935432443204464,0.13675213675213677
0.019131127939418093,0.13675213675213677
0.01992825827022718,0.13675213675213677
0.022718214428058988,0.13675213675213677
0.022718214428058988,0.1452991452991453
0.023116779593463532,0.1452991452991453
0.023116779593463532,0.1623931623931624
0.023913909924272617,0.1623931623931624
0.02431247508967716,0.17094017094017094
0.02510960542048625,0.17094017094017094
0.027899561578318056,0.17094017094017094
0.02869669190912714,0.18803418803418803
0.03068951773614986,0.18803418803418803
0.03068951773614986,0.20512820512820512
0.031486648066958944,0.20512820512820512
0.03188521323236349,0.20512820512820512
0.03347947389398167,0.20512820512820512
0.03427660422479075,0.20512820512820512
0.03427660422479075,0.21367521367521367
0.03507373455559984,0.21367521367521367
0.03626943005181347,0.21367521367521367
0.03706656038262256,0.21367521367521367
0.039059386209645275,0.21367521367521367
0.03985651654045436,0.2222222222222222
0.03985651654045436,0.23931623931623933
0.04105221203666799,0.23931623931623933
0.04145077720207254,0.24786324786324787
0.04264647269828617,0.24786324786324787
0.04424073335990435,0.24786324786324787
0.045436428856117976,0.24786324786324787
0.046632124352331605,0.24786324786324787
0.04703068951773615,0.24786324786324787
0.04703068951773615,0.26495726495726496
0.04862495017935432,0.26495726495726496
0.04942208051016341,0.26495726495726496
0.0502192108409725,0.26495726495726496
0.0502192108409725,0.27350427350427353
0.054204862495017936,0.2905982905982906
0.05460342766042248,0.2905982905982906
0.055400557991231565,0.2905982905982906
0.056197688322040654,0.2905982905982906
0.056197688322040654,0.29914529914529914
0.05779194898365883,0.29914529914529914
0.05858907931446791,0.29914529914529914
0.05898764447987246,0.29914529914529914
0.05898764447987246,0.3076923076923077
0.05978477481068155,0.3076923076923077
0.05978477481068155,0.3162393162393162
0.06098047030689518,0.3162393162393162
0.06098047030689518,0.3247863247863248
0.061777600637704266,0.3247863247863248
0.06217616580310881,0.3333333333333333
0.06297329613391789,0.3333333333333333
0.06337186129932244,0.3418803418803419
0.06416899163013152,0.3418803418803419
0.06536468712634516,0.3418803418803419
0.0657632522917497,0.3504273504273504
0.06616181745715424,0.3504273504273504
0.06735751295336788,0.3504273504273504
0.06815464328417696,0.3504273504273504
0.06815464328417696,0.358974358974359
0.06895177361498606,0.358974358974359
0.06974890394579514,0.358974358974359
0.06974890394579514,0.36752136752136755
0.07054603427660422,0.36752136752136755
0.07054603427660422,0.38461538461538464
0.07253886010362694,0.38461538461538464
0.07253886010362694,0.39316239316239315
0.07413312076524511,0.39316239316239315
0.07532881626145875,0.39316239316239315
0.07532881626145875,0.4017094017094017
0.07572738142686329,0.4017094017094017
0.07732164208848147,0.4017094017094017
0.0785173375846951,0.4017094017094017
0.08011159824631327,0.4017094017094017
0.08090872857712236,0.4017094017094017
0.08170585890793144,0.4017094017094017
0.08369868473495416,0.4017094017094017
0.08449581506576326,0.4017094017094017
0.08529294539657234,0.4017094017094017
0.08728577122359506,0.4017094017094017
0.08808290155440414,0.4017094017094017
0.08888003188521323,0.4017094017094017
0.08927859705061778,0.4017094017094017
0.08927859705061778,0.41025641025641024
0.09087285771223595,0.41025641025641024
0.09166998804304503,0.41025641025641024
0.0940613790354723,0.41025641025641024
0.09485850936628139,0.41025641025641024
0.09565563969709047,0.41025641025641024
0.09565563969709047,0.4188034188034188
0.09605420486249502,0.4188034188034188
0.0968513351933041,0.4188034188034188
0.09764846552411319,0.4188034188034188
0.09844559585492228,0.4188034188034188
0.10123555201275408,0.4188034188034188
0.10163411717815862,0.42735042735042733
0.10243124750896772,0.42735042735042733
0.10362694300518134,0.42735042735042733
0.10362694300518134,0.4358974358974359
0.10442407333599044,0.4358974358974359
0.10442407333599044,0.4444444444444444
0.10641689916301315,0.4444444444444444
0.10721402949382224,0.4444444444444444
0.10721402949382224,0.452991452991453
0.10920685532084495,0.452991452991453
0.10920685532084495,0.46153846153846156
0.11080111598246313,0.46153846153846156
0.11239537664408131,0.46153846153846156
0.11398963730569948,0.46153846153846156
0.11478676763650857,0.47863247863247865
0.1159824631327222,0.47863247863247865
0.11677959346353128,0.47863247863247865
0.11757672379434038,0.47863247863247865
0.11917098445595854,0.47863247863247865
0.11996811478676764,0.47863247863247865
0.12116381028298127,0.47863247863247865
0.12156237544838581,0.48717948717948717
0.12714228776404943,0.48717948717948717
0.12754085292945397,0.49572649572649574
0.1279394180948585,0.49572649572649574
0.1287365484256676,0.49572649572649574
0.12913511359107213,0.49572649572649574
0.13192506974890394,0.49572649572649574
0.13471502590673576,0.49572649572649574
0.13551215623754484,0.49572649572649574
0.1387006775607812,0.49572649572649574
0.13949780789159028,0.49572649572649574
0.13989637305699482,0.49572649572649574
0.1434834595456357,0.49572649572649574
0.1434834595456357,0.5042735042735043
0.14388202471104025,0.5042735042735043
0.14467915504184933,0.5042735042735043
0.14547628537265844,0.5042735042735043
0.14547628537265844,0.5128205128205128
0.14627341570346752,0.5128205128205128
0.1470705460342766,0.5128205128205128
0.1470705460342766,0.5213675213675214
0.1490633718612993,0.5213675213675214
0.14986050219210842,0.5213675213675214
0.15025906735751296,0.5213675213675214
0.15145476285372658,0.5213675213675214
0.15583897967317656,0.5213675213675214
0.15823037066560383,0.5213675213675214
0.1590275009964129,0.5213675213675214
0.16022319649262654,0.5299145299145299
0.16301315265045835,0.5299145299145299
0.16381028298126743,0.5299145299145299
0.16540454364288562,0.5299145299145299
0.1662016739736947,0.5299145299145299
0.16779593463531287,0.5299145299145299
0.17297728178557195,0.5384615384615384
0.17377441211638103,0.5384615384615384
0.17457154244719011,0.5384615384615384
0.17776006377042647,0.5384615384615384
0.17776006377042647,0.5555555555555556
0.1789557592666401,0.5555555555555556
0.17975288959744917,0.5555555555555556
0.18055001992825828,0.5555555555555556
0.18214428058987644,0.5555555555555556
0.18413710641689918,0.5555555555555556
0.18493423674770826,0.5555555555555556
0.18612993224392188,0.5555555555555556
0.18692706257473096,0.5555555555555556
0.18852132323634915,0.5555555555555556
0.18931845356715823,0.5555555555555556
0.18931845356715823,0.5641025641025641
0.19170984455958548,0.5641025641025641
0.19170984455958548,0.5726495726495726
0.19210840972499005,0.5726495726495726
0.19290554005579913,0.5726495726495726
0.19489836588282183,0.5726495726495726
0.19569549621363092,0.5726495726495726
0.19649262654444002,0.5726495726495726
0.1972897568752491,0.5726495726495726
0.19768832204065365,0.5726495726495726
0.19888401753686727,0.5726495726495726
0.1992825827022718,0.5811965811965812
0.20087684336389,0.5811965811965812
0.20167397369469908,0.5811965811965812
0.2064567556795536,0.5811965811965812
0.20725388601036268,0.5811965811965812
0.20765245117576725,0.5811965811965812
0.20844958150657633,0.5811965811965812
0.20884814667198087,0.5897435897435898
0.21084097249900358,0.5897435897435898
0.21163810282981269,0.5897435897435898
0.21163810282981269,0.5982905982905983
0.21442805898764447,0.5982905982905983
0.21562375448385812,0.5982905982905983
0.21761658031088082,0.5982905982905983
0.21921084097249902,0.5982905982905983
0.22040653646871264,0.5982905982905983
0.22120366679952172,0.5982905982905983
0.2220007971303308,0.5982905982905983
0.2220007971303308,0.6068376068376068
0.22279792746113988,0.6068376068376068
0.2291749701076126,0.6068376068376068
0.2291749701076126,0.6153846153846154
0.23076923076923078,0.6153846153846154
0.2339577520924671,0.6153846153846154
0.23475488242327622,0.6153846153846154
0.2355520127540853,0.6153846153846154
0.23634914308489438,0.6153846153846154
0.23714627341570346,0.6239316239316239
0.23953766440813073,0.6239316239316239
0.24192905540055798,0.6239316239316239
0.24232762056596255,0.6239316239316239
0.24232762056596255,0.6324786324786325
0.24312475089677163,0.6324786324786325
0.2439218812275807,0.6324786324786325
0.24511757672379433,0.6324786324786325
0.24551614188919887,0.6324786324786325
0.24671183738541252,0.6410256410256411
0.24711040255081707,0.6410256410256411
0.24711040255081707,0.6495726495726496
0.2475089677162216,0.6495726495726496
0.2483060980470307,0.6581196581196581
0.2495017935432443,0.6581196581196581
0.2502989238740534,0.6581196581196581
0.2502989238740534,0.6666666666666666
0.2538860103626943,0.6666666666666666
0.2538860103626943,0.6752136752136753
0.2546831406935034,0.6752136752136753
0.2554802710243125,0.6752136752136753
0.25627740135512156,0.6752136752136753
0.2578716620167397,0.6752136752136753
0.2594659226783579,0.6752136752136753
0.2598644878437625,0.6837606837606838
0.26066161817457156,0.6837606837606838
0.26464726982861697,0.6837606837606838
0.2650458349940215,0.6923076923076923
0.26624153049023513,0.6923076923076923
0.26743722598644876,0.6923076923076923
0.2694300518134715,0.6923076923076923
0.2710243124750897,0.6923076923076923
0.2710243124750897,0.7094017094017094
0.2722200079713033,0.7094017094017094
0.27381426863292146,0.7094017094017094
0.27461139896373055,0.7094017094017094
0.27620565962534877,0.7094017094017094
0.2766042247907533,0.7094017094017094
0.2774013551215624,0.7094017094017094
0.278597050617776,0.7094017094017094
0.2813870067756078,0.717948717948718
0.2821841371064169,0.7264957264957265
0.2845755280988442,0.7264957264957265
0.28616978876046234,0.7264957264957265
0.2865683539258669,0.7350427350427351
0.28935831008369867,0.7350427350427351
0.2909525707453169,0.7350427350427351
0.2921482662415305,0.7350427350427351
0.29374252690314867,0.7350427350427351
0.29653248306098046,0.7435897435897436
0.29732961339178954,0.7521367521367521
0.2981267437225986,0.7521367521367521
0.2985253088880032,0.7521367521367521
0.2993224392188123,0.7521367521367521
0.3001195695496214,0.7521367521367521
0.3001195695496214,0.7606837606837606
0.3005181347150259,0.7606837606837606
0.301315265045835,0.7606837606837606
0.3021123953766441,0.7777777777777778
0.30370665603826225,0.7777777777777778
0.3045037863690713,0.7777777777777778
0.3053009166998804,0.7777777777777778
0.3076923076923077,0.7777777777777778
0.30809087285771225,0.7777777777777778
0.30888800318852133,0.7777777777777778
0.3092865683539259,0.7777777777777778
0.3168593064966122,0.7863247863247863
0.3176564368274213,0.7863247863247863
0.31845356715823037,0.7863247863247863
0.32004782781984853,0.7863247863247863
0.3208449581506576,0.7948717948717948
0.3232363491430849,0.7948717948717948
0.3248306098047031,0.7948717948717948
0.32642487046632124,0.7948717948717948
0.3280191311279394,0.8034188034188035
0.329214826624153,0.8034188034188035
0.3304105221203667,0.8034188034188035
0.3316062176165803,0.8034188034188035
0.3343961737744121,0.8034188034188035
0.3351933041052212,0.8034188034188035
0.3363889996014348,0.8034188034188035
0.3371861299322439,0.8034188034188035
0.33838182542845757,0.8034188034188035
0.3387803905938621,0.8034188034188035
0.3395775209246712,0.8034188034188035
0.33997608609007574,0.8034188034188035
0.3407732164208848,0.8034188034188035
0.34117178158628936,0.8034188034188035
0.34196891191709844,0.8034188034188035
0.3443603029095257,0.8034188034188035
0.3451574332403348,0.8034188034188035
0.34635312873654844,0.8034188034188035
0.3471502590673575,0.8034188034188035
0.3487445197289757,0.8034188034188035
0.3507373455559984,0.8034188034188035
0.35113591072140293,0.8034188034188035
0.351933041052212,0.8034188034188035
0.35273017138302115,0.8034188034188035
0.35352730171383023,0.8034188034188035
0.3543244320446393,0.8034188034188035
0.35671582303706656,0.8034188034188035
0.35950577919489834,0.8034188034188035
0.3603029095257074,0.8034188034188035
0.3626943005181347,0.8034188034188035
0.3642885611797529,0.8034188034188035
0.36588282184137105,0.8034188034188035
0.36667995217218013,0.8034188034188035
0.37225986448784376,0.8034188034188035
0.37305699481865284,0.8034188034188035
0.3734555599840574,0.811965811965812
0.37425269031486647,0.811965811965812
0.37744121163810285,0.811965811965812
0.37744121163810285,0.8205128205128205
0.38142686329214825,0.8205128205128205
0.3826225587883619,0.8205128205128205
0.38381825428457556,0.8205128205128205
0.38381825428457556,0.8290598290598291
0.38461538461538464,0.8290598290598291
0.38581108011159826,0.8290598290598291
0.3874053407732164,0.8290598290598291
0.3882024711040255,0.8290598290598291
0.3893981666002391,0.8290598290598291
0.38979673176564367,0.8290598290598291
0.39059386209645275,0.8290598290598291
0.39139099242726183,0.8290598290598291
0.39218812275807097,0.8290598290598291
0.3933838182542846,0.8290598290598291
0.39577520924671183,0.8290598290598291
0.4005579912315664,0.8290598290598291
0.40135512156237546,0.8290598290598291
0.40175368672778,0.8290598290598291
0.4025508170585891,0.8290598290598291
0.4037465125548027,0.8290598290598291
0.40414507772020725,0.8290598290598291
0.40494220805101633,0.8290598290598291
0.40534077321642087,0.8290598290598291
0.40613790354722995,0.8290598290598291
0.40773216420884817,0.8290598290598291
0.4101235552012754,0.8290598290598291
0.41052212036667995,0.8290598290598291
0.4121163810282981,0.8290598290598291
0.4137106416899163,0.8290598290598291
0.41450777202072536,0.8290598290598291
0.4153049023515345,0.8290598290598291
0.4161020326823436,0.8376068376068376
0.4172977281785572,0.8376068376068376
0.4184934236747708,0.8376068376068376
0.4192905540055799,0.8376068376068376
0.4220805101634117,0.8376068376068376
0.42287764049422083,0.8376068376068376
0.42327620565962537,0.8376068376068376
0.42407333599043445,0.8376068376068376
0.42487046632124353,0.8376068376068376
0.42606616181745716,0.8376068376068376
0.4264647269828617,0.8376068376068376
0.4272618573136708,0.8376068376068376
0.4284575528098844,0.8376068376068376
0.4292546831406935,0.8376068376068376
0.43045037863690716,0.8376068376068376
0.43124750896771624,0.8376068376068376
0.4320446392985253,0.8376068376068376
0.43443603029095257,0.8376068376068376
0.43523316062176165,0.8461538461538461
0.4364288561179753,0.8461538461538461
0.43722598644878435,0.8461538461538461
0.43842168194499803,0.8461538461538461
0.4392188122758071,0.8461538461538461
0.4400159426066162,0.8461538461538461
0.4412116381028298,0.8547008547008547
0.4420087684336389,0.8547008547008547
0.4440015942606616,0.8547008547008547
0.4447987245914707,0.8547008547008547
0.44599442008768436,0.8547008547008547
0.44679155041849344,0.8547008547008547
0.447190115583898,0.8547008547008547
0.44798724591470707,0.8547008547008547
0.4483858110801116,0.8547008547008547
0.4491829414109207,0.8547008547008547
0.45077720207253885,0.8547008547008547
0.4519728975687525,0.8547008547008547
0.4531685930649661,0.8547008547008547
0.4555599840573934,0.8547008547008547
0.4575528098844161,0.8547008547008547
0.4583499402152252,0.8547008547008547
0.4603427660422479,0.8547008547008547
0.46233559186927065,0.8547008547008547
0.4631327222000797,0.8547008547008547
0.46353128736548427,0.8547008547008547
0.4647269828616979,0.8547008547008547
0.46512554802710243,0.8632478632478633
0.46552411319250697,0.8632478632478633
0.46632124352331605,0.8632478632478633
0.469908330011957,0.8632478632478633
0.47070546034276606,0.8632478632478633
0.4711040255081706,0.8632478632478633
0.47349541650059784,0.8632478632478633
0.4742925468314069,0.8632478632478633
0.47548824232762055,0.8632478632478633
0.47628537265842963,0.8632478632478633
0.47668393782383417,0.8632478632478633
0.4774810681546433,0.8632478632478633
0.47787963332004785,0.8632478632478633
0.47867676365085693,0.8632478632478633
0.48266241530490234,0.8632478632478633
0.4834595456357114,0.8632478632478633
0.4842566759665205,0.8803418803418803
0.48505380629732964,0.8803418803418803
0.4858509366281387,0.8803418803418803
0.4866480669589478,0.8803418803418803
0.48903945795137505,0.8803418803418803
0.4898365882821841,0.8803418803418803
0.49023515344758867,0.8803418803418803
0.49103228377839775,0.8803418803418803
0.49262654444001597,0.8803418803418803
0.4938222399362296,0.8803418803418803
0.49740932642487046,0.8803418803418803
0.5009964129135114,0.8803418803418803
0.5037863690713431,0.8803418803418803
0.5045834994021523,0.8803418803418803
0.5061777600637705,0.8803418803418803
0.5069748903945795,0.8803418803418803
0.5121562375448386,0.8803418803418803
0.5129533678756477,0.8803418803418803
0.516141889198884,0.8803418803418803
0.5165404543642885,0.8888888888888888
0.5181347150259067,0.8888888888888888
0.5217218015145476,0.8888888888888888
0.5225189318453567,0.8888888888888888
0.5249103228377839,0.8888888888888888
0.5296931048226385,0.8888888888888888
0.5304902351534476,0.8888888888888888
0.5332801913112794,0.8888888888888888
0.5340773216420884,0.8888888888888888
0.538062973296134,0.8888888888888888
0.5384615384615384,0.8974358974358975
0.538860103626943,0.8974358974358975
0.538860103626943,0.905982905982906
0.5392586687923475,0.905982905982906
0.5400557991231566,0.905982905982906
0.5420486249501794,0.905982905982906
0.5428457552809884,0.9230769230769231
0.548425667596652,0.9230769230769231
0.5492227979274611,0.9230769230769231
0.5520127540852929,0.9230769230769231
0.5524113192506975,0.9316239316239316
0.552809884416102,0.9316239316239316
0.5536070147469111,0.9316239316239316
0.5567955360701474,0.9316239316239316
0.5575926664009565,0.9316239316239316
0.5583897967317657,0.9316239316239316
0.5591869270625748,0.9316239316239316
0.5647668393782384,0.9316239316239316
0.5663611000398565,0.9316239316239316
0.5667596652052611,0.9316239316239316
0.5675567955360702,0.9316239316239316
0.5679553607014747,0.9316239316239316
0.5687524910322838,0.9316239316239316
0.5691510561976884,0.9316239316239316
0.5699481865284974,0.9316239316239316
0.571143882024711,0.9316239316239316
0.5719410123555201,0.9316239316239316
0.5723395775209247,0.9316239316239316
0.5735352730171382,0.9316239316239316
0.5739338381825428,0.9316239316239316
0.5747309685133519,0.9316239316239316
0.5759266640095656,0.9316239316239316
0.5767237943403747,0.9316239316239316
0.5775209246711838,0.9316239316239316
0.5779194898365883,0.9316239316239316
0.5787166201673973,0.9316239316239316
0.5807094459944201,0.9316239316239316
0.5819051414906338,0.9316239316239316
0.5874850538062973,0.9316239316239316
0.5882821841371064,0.9316239316239316
0.5886807493025109,0.9316239316239316
0.5894778796333201,0.9316239316239316
0.5918692706257473,0.9316239316239316
0.5926664009565564,0.9316239316239316
0.5950577919489837,0.9316239316239316
0.5958549222797928,0.9316239316239316
0.5962534874451972,0.9316239316239316
0.5970506177760064,0.9316239316239316
0.5978477481068155,0.9316239316239316
0.5986448784376246,0.9316239316239316
0.6010362694300518,0.9316239316239316
0.6018333997608609,0.9316239316239316
0.6030290952570745,0.9316239316239316
0.6038262255878836,0.9316239316239316
0.6078118772419291,0.9316239316239316
0.6086090075727382,0.9316239316239316
0.6102032682343563,0.9316239316239316
0.6110003985651654,0.9316239316239316
0.612196094061379,0.9316239316239316
0.612196094061379,0.9401709401709402
0.6129932243921882,0.9401709401709402
0.6161817457154245,0.9401709401709402
0.6161817457154245,0.9487179487179487
0.6173774412116381,0.9487179487179487
0.6189717018732562,0.9487179487179487
0.6197688322040653,0.9487179487179487
0.6201673973694699,0.9487179487179487
0.620964527700279,0.9487179487179487
0.6221602231964927,0.9487179487179487
0.6229573535273017,0.9487179487179487
0.6241530490235153,0.9487179487179487
0.6249501793543244,0.9487179487179487
0.625348744519729,0.9487179487179487
0.6261458748505381,0.9487179487179487
0.6269430051813472,0.9487179487179487
0.6277401355121562,0.9487179487179487
0.6281387006775608,0.9487179487179487
0.6285372658429653,0.9572649572649573
0.6293343961737744,0.9572649572649573
0.6301315265045835,0.9572649572649573
0.6301315265045835,0.9658119658119658
0.6305300916699881,0.9658119658119658
0.6313272220007972,0.9658119658119658
0.6317257871662016,0.9658119658119658
0.6333200478278198,0.9658119658119658
0.6369071343164607,0.9658119658119658
0.6385013949780789,0.9658119658119658
0.6388999601434835,0.9658119658119658
0.6408927859705061,0.9658119658119658
0.6444798724591471,0.9658119658119658
0.6452770027899561,0.9658119658119658
0.6468712634515743,0.9658119658119658
0.6476683937823834,0.9658119658119658
0.6492626544440016,0.9658119658119658
0.6500597847748106,0.9658119658119658
0.6508569151056197,0.9658119658119658
0.6516540454364289,0.9658119658119658
0.6568353925866879,0.9658119658119658
0.657632522917497,0.9658119658119658
0.6600239139099243,0.9658119658119658
0.6608210442407334,0.9658119658119658
0.6612196094061379,0.9658119658119658
0.6612196094061379,0.9743589743589743
0.662016739736947,0.9743589743589743
0.662813870067756,0.9743589743589743
0.6656038262255879,0.9743589743589743
0.6656038262255879,0.9829059829059829
0.667198086887206,0.9829059829059829
0.6679952172180151,0.9829059829059829
0.6683937823834197,0.9829059829059829
0.6691909127142288,0.9829059829059829
0.6695894778796333,0.9829059829059829
0.6703866082104424,0.9829059829059829
0.6727779992028696,0.9829059829059829
0.6735751295336787,0.9829059829059829
0.6763650856915105,0.9829059829059829
0.6771622160223196,0.9829059829059829
0.680350737345556,0.9829059829059829
0.6819449980071741,0.9829059829059829
0.6823435631725787,0.9829059829059829
0.6831406935033878,0.9829059829059829
0.684734954165006,0.9829059829059829
0.685532084495815,0.9829059829059829
0.6875249103228378,0.9829059829059829
0.6883220406536469,0.9829059829059829
0.6915105619768832,0.9829059829059829
0.6927062574730969,0.9829059829059829
0.6958947787963332,0.9829059829059829
0.6966919091271423,0.9829059829059829
0.6970904742925468,0.9829059829059829
0.697887604623356,0.9829059829059829
0.6998804304503786,0.9829059829059829
0.7006775607811877,0.9829059829059829
0.7014746911119968,0.9829059829059829
0.703068951773615,0.9829059829059829
0.703866082104424,0.9829059829059829
0.7046632124352331,0.9829059829059829
0.707453168593065,0.9829059829059829
0.7094459944200877,0.9829059829059829
0.7102431247508968,0.9829059829059829
0.7114388202471104,0.9914529914529915
0.711837385412515,0.9914529914529915
0.712634515743324,0.9914529914529915
0.7130330809087285,0.9914529914529915
0.7138302112395377,0.9914529914529915
0.7146273415703468,0.9914529914529915
0.7158230370665604,0.9914529914529915
0.716221602231965,0.9914529914529915
0.717018732562774,0.9914529914529915
0.7178158628935831,0.9914529914529915
0.7186129932243922,0.9914529914529915
0.7198086887206058,0.9914529914529915
0.7206058190514149,0.9914529914529915
0.7233957752092467,0.9914529914529915
0.7241929055400558,0.9914529914529915
0.7245914707054604,0.9914529914529915
0.7261857313670785,0.9914529914529915
0.7285771223595058,0.9914529914529915
0.7293742526903149,0.9914529914529915
0.7313670785173376,0.9914529914529915
0.7325627740135512,0.9914529914529915
0.7341570346751694,0.9914529914529915
0.734555599840574,0.9914529914529915
0.7361498605021921,0.9914529914529915
0.7377441211638103,0.9914529914529915
0.739736946990833,0.9914529914529915
0.7429254683140694,0.9914529914529915
0.7441211638102829,0.9914529914529915
0.7449182941410921,0.9914529914529915
0.7453168593064966,1.0
0.7461139896373057,1.0
0.7469111199681148,1.0
0.7481068154643284,1.0
0.7489039457951375,1.0
0.7504982064567557,1.0
0.7512953367875648,1.0
0.7516939019529693,1.0
0.7524910322837784,1.0
0.7548824232762057,1.0
0.7564766839378239,1.0
0.7572738142686329,1.0
0.758070944599442,1.0
0.7604623355918693,1.0
0.7616580310880829,1.0
0.7620565962534874,1.0
0.7628537265842965,1.0
0.7648465524113193,1.0
0.7656436827421284,1.0
0.7672379434037465,1.0
0.7688322040653647,1.0
0.7712235950577919,1.0
0.772020725388601,1.0
0.7732164208848147,1.0
0.7748106815464328,1.0
0.7752092467118374,1.0
0.7768035073734556,1.0
0.7791948983658828,1.0
0.7799920286966919,1.0
0.7843762455161419,1.0
0.785173375846951,1.0
0.7887604623355918,1.0
0.7895575926664009,1.0
0.7927461139896373,1.0
0.7935432443204464,1.0
0.7939418094858509,1.0
0.7951375049820646,1.0
0.8023116779593463,1.0
0.8031088082901554,1.0
0.8055001992825827,1.0
0.8062973296133918,1.0
0.8086887206058191,1.0
0.8098844161020327,1.0
0.8102829812674373,1.0
0.8118772419290554,1.0
0.8182542845755281,1.0
0.8198485452371462,1.0
0.821841371064169,1.0
0.8226385013949781,1.0
0.8246313272220008,1.0
0.8254284575528099,1.0
0.8258270227182144,1.0
0.8266241530490235,1.0
0.8278198485452372,1.0
0.8286169788760462,1.0
0.8290155440414507,1.0
0.8298126743722599,1.0
0.8318055001992826,1.0
0.8326026305300916,1.0
0.8330011956954962,1.0
0.8337983260263053,1.0
0.836588282184137,1.0
0.8389796731765644,1.0
0.8397768035073735,1.0
0.8429653248306098,1.0
0.8437624551614189,1.0
0.8441610203268234,1.0
0.8449581506576325,1.0
0.8453567158230371,1.0
0.8501394978078916,1.0
0.8509366281387006,1.0
0.8525308888003188,1.0
0.853328019131128,1.0
0.8541251494619371,1.0
0.8549222797927462,1.0
0.8561179752889597,1.0
0.8569151056197688,1.0
0.8612993224392188,1.0
0.862893583100837,1.0
0.8664806695894779,1.0
0.867277799920287,1.0
0.8684734954165007,1.0
0.8748505380629733,1.0
0.8756476683937824,1.0
0.8772419290554005,1.0
0.8780390593862096,1.0
0.882024711040255,1.0
0.8828218413710641,1.0
0.8884017536867278,1.0
0.889996014348346,1.0
0.8911917098445595,1.0
0.8923874053407732,1.0
0.8939816660023914,1.0
0.8947787963332005,1.0
0.8979673176564368,1.0
0.8987644479872459,1.0
0.9087285771223595,1.0
0.9095257074531686,1.0
0.9099242726185731,1.0
0.9107214029493822,1.0
0.912714228776405,1.0
0.9139099242726185,1.0
0.9147070546034276,1.0
0.9159027500996413,1.0
0.9194898365882822,1.0
0.9202869669190913,1.0
0.9206855320844958,1.0
0.9222797927461139,1.0
0.9258668792347549,1.0
0.9266640095655639,1.0
0.9270625747309685,1.0
0.9278597050617776,1.0
0.9298525308888003,1.0
0.9306496612196095,1.0
0.9350338780390594,1.0
0.9358310083698684,1.0
0.936229573535273,1.0
0.9378238341968912,1.0
0.9418094858509366,1.0
0.9430051813471503,1.0
0.9453965723395775,1.0
0.9461937026703866,1.0
0.9465922678357912,1.0
0.9485850936628138,1.0
0.9505779194898366,1.0
0.9521721801514548,1.0
0.9561578318055002,1.0
0.9569549621363093,1.0
0.9573535273017139,1.0
0.9581506576325229,1.0
0.9593463531287365,1.0
0.9641291351135911,1.0
0.9657233957752093,1.0
0.9705061777600638,1.0
0.9713033080908728,1.0
0.9780789159027501,1.0
0.9788760462335592,1.0
0.9800717417297728,1.0
0.9820645675567955,1.0
0.9824631327222001,1.0
0.9832602630530092,1.0
0.9856516540454364,1.0
0.9868473495416501,1.0
0.9944200876843364,1.0
0.9952172180151455,1.0
1.0,1.0
